{"intercept": -1.0000000000000089, "coefficients": [-1.0000000000000089, 0.9999999999999998, 4.440892098500626e-16]}